,population_size,Generation number,Time
0,80,100,83.97129034996033
1,90,100,89.55451893806458
2,100,100,95.30210041999817
