,population_size,Generation number,Time
0,80,100,109.36272382736206
1,90,100,111.24704837799072
2,100,100,119.33000087738037
