,population_size,Generation number,Time
0,80,100,95.00783205032349
1,90,100,97.53774666786194
2,100,100,112.12207984924316
