,population_size,Generation number,Time
0,80,100,89.25590753555298
1,90,100,91.02166533470154
2,100,100,95.9437108039856
